classe,pasta_raiz,empresa,cnpj,pasta,qtd_arquivos,arquivos
COM_PENDENCIA,pendencias,AF DA SILVA REPRESENTACAO,,C:\Users\trind\Downloads\2. RELAÇÃO DE DEBITOS\2. RELAÇÃO DE DEBITOS\07-2026\pendencias\AF DA SILVA REPRESENTACAO,2,"86-AGENCIANET.pdf, 86-ECAC.pdf"
COM_PENDENCIA,pendencias,ANW PARTICIPACOES SOCIETARIAS LTDA,,C:\Users\trind\Downloads\2. RELAÇÃO DE DEBITOS\2. RELAÇÃO DE DEBITOS\07-2026\pendencias\ANW PARTICIPACOES SOCIETARIAS LTDA,2,"163-AGENCIANET.pdf, 163-ECAC.pdf"
COM_PENDENCIA,pendencias,ASSOCIACAO SULAMERICANA DOS PRODUTORES DE GELATINA,,C:\Users\trind\Downloads\2. RELAÇÃO DE DEBITOS\2. RELAÇÃO DE DEBITOS\07-2026\pendencias\ASSOCIACAO SULAMERICANA DOS PRODUTORES DE GELATINA,2,"30-AGENCIANET.pdf, 30-ECAC.pdf"
COM_PENDENCIA,pendencias,AUTOBRAS COMERCIO DE IMPORTACAO E EXPORTACAO DE PRODUTOS LTDA,,C:\Users\trind\Downloads\2. RELAÇÃO DE DEBITOS\2. RELAÇÃO DE DEBITOS\07-2026\pendencias\AUTOBRAS COMERCIO DE IMPORTACAO E EXPORTACAO DE PRODUTOS LTDA,2,"59-AGENCIANET.pdf, 59-ECAC.pdf"
COM_PENDENCIA,pendencias,B&F COMERCIO E SERVICO DE MATERIAIS DE CONSTRUCAO LTDA,,C:\Users\trind\Downloads\2. RELAÇÃO DE DEBITOS\2. RELAÇÃO DE DEBITOS\07-2026\pendencias\B&F COMERCIO E SERVICO DE MATERIAIS DE CONSTRUCAO LTDA,2,"160-AGENCIANET.pdf, 160-ECAC.pdf"
COM_PENDENCIA,pendencias,BELEZA MARKET SERVICO ESTETICA LTDA,,C:\Users\trind\Downloads\2. RELAÇÃO DE DEBITOS\2. RELAÇÃO DE DEBITOS\07-2026\pendencias\BELEZA MARKET SERVICO ESTETICA LTDA,2,"27-AGENCIANET.pdf, 27-ECAC.pdf"
COM_PENDENCIA,pendencias,BRUNNA LETTIERI ATELIER LTDA,,C:\Users\trind\Downloads\2. RELAÇÃO DE DEBITOS\2. RELAÇÃO DE DEBITOS\07-2026\pendencias\BRUNNA LETTIERI ATELIER LTDA,2,"39-AGENCIANET.pdf, 39-ECAC.pdf"
COM_PENDENCIA,pendencias,COELHO E MENDES COMERCIO VAREJISTA DE DOCES LTDA,,C:\Users\trind\Downloads\2. RELAÇÃO DE DEBITOS\2. RELAÇÃO DE DEBITOS\07-2026\pendencias\COELHO E MENDES COMERCIO VAREJISTA DE DOCES LTDA,4,"13-AGENCIANET.pdf, 13-ECAC.pdf, 88-AGENCIANET.pdf, 88-ECAC.pdf"
COM_PENDENCIA,pendencias,COMERCIAL AVICOLA PROGRESSO LTDA,,C:\Users\trind\Downloads\2. RELAÇÃO DE DEBITOS\2. RELAÇÃO DE DEBITOS\07-2026\pendencias\COMERCIAL AVICOLA PROGRESSO LTDA,2,"80-AGENCIANET.pdf, 80-ECAC.pdf"
COM_PENDENCIA,pendencias,DALMAR EMPREENDIMENTOS IMOBILIARIOS LTDA,,C:\Users\trind\Downloads\2. RELAÇÃO DE DEBITOS\2. RELAÇÃO DE DEBITOS\07-2026\pendencias\DALMAR EMPREENDIMENTOS IMOBILIARIOS LTDA,1,71-ECAC.pdf
COM_PENDENCIA,pendencias,DAUTO TINTAS LTDA EPP,,C:\Users\trind\Downloads\2. RELAÇÃO DE DEBITOS\2. RELAÇÃO DE DEBITOS\07-2026\pendencias\DAUTO TINTAS LTDA EPP,1,52-AGENCIANET.pdf
COM_PENDENCIA,pendencias,DT TINTAS COMERCIO VAREJISTA LIMITADA,,C:\Users\trind\Downloads\2. RELAÇÃO DE DEBITOS\2. RELAÇÃO DE DEBITOS\07-2026\pendencias\DT TINTAS COMERCIO VAREJISTA LIMITADA,7,"104-ECAC.pdf, 14-AGENCIANET.pdf, 14-ECAC.pdf, 75-AGENCIANET.pdf, 75-ECAC.pdf, 79-AGENCIANET.pdf, 79-ECAC.pdf"
COM_PENDENCIA,pendencias,EGAPLAST - ARTEFATOS E COMERCIO DE PLASTICOS LTDA,,C:\Users\trind\Downloads\2. RELAÇÃO DE DEBITOS\2. RELAÇÃO DE DEBITOS\07-2026\pendencias\EGAPLAST - ARTEFATOS E COMERCIO DE PLASTICOS LTDA,3,"37-AGENCIANET.pdf, 37-ECAC.pdf, 61-ECAC.pdf"
COM_PENDENCIA,pendencias,EXITO CONTABILIDADE LTDA,,C:\Users\trind\Downloads\2. RELAÇÃO DE DEBITOS\2. RELAÇÃO DE DEBITOS\07-2026\pendencias\EXITO CONTABILIDADE LTDA,2,"08-AGENCIANET.pdf, 08-ECAC.pdf"
COM_PENDENCIA,pendencias,GALLUS FRANGO AMERICANO E HAMBURGUERIA LTDA,,C:\Users\trind\Downloads\2. RELAÇÃO DE DEBITOS\2. RELAÇÃO DE DEBITOS\07-2026\pendencias\GALLUS FRANGO AMERICANO E HAMBURGUERIA LTDA,2,"35-AGENCIANET.pdf, 35-ECAC.pdf"
COM_PENDENCIA,pendencias,GUARDANAPOS DU LANCHE LTDA,,C:\Users\trind\Downloads\2. RELAÇÃO DE DEBITOS\2. RELAÇÃO DE DEBITOS\07-2026\pendencias\GUARDANAPOS DU LANCHE LTDA,2,"94-AGENCIANET.pdf, 94-ECAC.pdf"
COM_PENDENCIA,pendencias,I. M. DAMASCENO MEDICA,,C:\Users\trind\Downloads\2. RELAÇÃO DE DEBITOS\2. RELAÇÃO DE DEBITOS\07-2026\pendencias\I. M. DAMASCENO MEDICA,5,"03-AGENCIANET.pdf, 03-ECAC.pdf, 04-AGENCIANET.pdf, 04-ECAC.pdf, 25-ECAC.pdf"
COM_PENDENCIA,pendencias,IARA LIANDRO DO NASCIMENTO COUTINHO,,C:\Users\trind\Downloads\2. RELAÇÃO DE DEBITOS\2. RELAÇÃO DE DEBITOS\07-2026\pendencias\IARA LIANDRO DO NASCIMENTO COUTINHO,2,"105-AGENCIANET.pdf, 105-ECAC.pdf"
COM_PENDENCIA,pendencias,INCORPORACAO DE EMPREENDIMENTOS IMOBILIARIOS SEIXAS LTDA,,C:\Users\trind\Downloads\2. RELAÇÃO DE DEBITOS\2. RELAÇÃO DE DEBITOS\07-2026\pendencias\INCORPORACAO DE EMPREENDIMENTOS IMOBILIARIOS SEIXAS LTDA,2,"41-AGENCIANET.pdf, 41-ECAC.pdf"
COM_PENDENCIA,pendencias,JD SERVICOS E TRANSPORTE LTDA,,C:\Users\trind\Downloads\2. RELAÇÃO DE DEBITOS\2. RELAÇÃO DE DEBITOS\07-2026\pendencias\JD SERVICOS E TRANSPORTE LTDA,2,"76-AGENCIANET.pdf, 76-ECAC.pdf"
COM_PENDENCIA,pendencias,JPG - PRODUTOS FUNCIONAIS E NUTRICIONAIS LTDA,,C:\Users\trind\Downloads\2. RELAÇÃO DE DEBITOS\2. RELAÇÃO DE DEBITOS\07-2026\pendencias\JPG - PRODUTOS FUNCIONAIS E NUTRICIONAIS LTDA,8,"711-AGENCIANET.pdf, 711-ECAC.pdf, 712-ECAC.pdf, 713-ECAC.pdf, 81-ECAC.pdf, 82-ECAC.pdf, 90-ECAC.pdf, 98-ECAC.pdf"
COM_PENDENCIA,pendencias,MERCADO DAS TINTAS LTDA,,C:\Users\trind\Downloads\2. RELAÇÃO DE DEBITOS\2. RELAÇÃO DE DEBITOS\07-2026\pendencias\MERCADO DAS TINTAS LTDA,5,"67-AGENCIANET.pdf, 67-ECAC.pdf, 68-ECAC.pdf, 69-AGENCIANET.pdf, 69-ECAC.pdf"
COM_PENDENCIA,pendencias,MERCADO RPG MINIATURAS E ACESSORIOS LTDA,,C:\Users\trind\Downloads\2. RELAÇÃO DE DEBITOS\2. RELAÇÃO DE DEBITOS\07-2026\pendencias\MERCADO RPG MINIATURAS E ACESSORIOS LTDA,4,"12-ECAC.pdf, 184-AGENCIANET.pdf, 190-AGENCIANET.pdf, 190-ECAC.pdf"
COM_PENDENCIA,pendencias,MESOCLINIC ESTETICA AVANCADA DE COSMETICOS LTDA,,C:\Users\trind\Downloads\2. RELAÇÃO DE DEBITOS\2. RELAÇÃO DE DEBITOS\07-2026\pendencias\MESOCLINIC ESTETICA AVANCADA DE COSMETICOS LTDA,2,"48-AGENCIANET.pdf, 48-ECAC.pdf"
COM_PENDENCIA,pendencias,SERVICOS MEDICOS TJ LTDA,,C:\Users\trind\Downloads\2. RELAÇÃO DE DEBITOS\2. RELAÇÃO DE DEBITOS\07-2026\pendencias\SERVICOS MEDICOS TJ LTDA,2,"183-AGENCIANET.pdf, 183-ECAC.pdf"
COM_PENDENCIA,pendencias,SO TEMPERO AGROINDUSTRIA LTDA,,C:\Users\trind\Downloads\2. RELAÇÃO DE DEBITOS\2. RELAÇÃO DE DEBITOS\07-2026\pendencias\SO TEMPERO AGROINDUSTRIA LTDA,1,20-ECAC.pdf
COM_PENDENCIA,pendencias,SUPER ARMAZEM GRS LTDA,,C:\Users\trind\Downloads\2. RELAÇÃO DE DEBITOS\2. RELAÇÃO DE DEBITOS\07-2026\pendencias\SUPER ARMAZEM GRS LTDA,2,"122-ECAC.pdf, 125-ECAC.pdf"
COM_PENDENCIA,pendencias,THE MINAS GASTRO BAR LTDA,,C:\Users\trind\Downloads\2. RELAÇÃO DE DEBITOS\2. RELAÇÃO DE DEBITOS\07-2026\pendencias\THE MINAS GASTRO BAR LTDA,2,"21-AGENCIANET.pdf, 21-ECAC.pdf"
COM_PENDENCIA,pendencias,UNICA ATACADISTA DE TINTAS E COMPLEMENTOS LTDA,,C:\Users\trind\Downloads\2. RELAÇÃO DE DEBITOS\2. RELAÇÃO DE DEBITOS\07-2026\pendencias\UNICA ATACADISTA DE TINTAS E COMPLEMENTOS LTDA,2,"46-AGENCIANET.pdf, 46-ECAC.pdf"
SEM_PENDENCIA,sem_pendencias,"2B IMPORTACAO, EXPORTACAO E SERVICOS LTDA",,"C:\Users\trind\Downloads\2. RELAÇÃO DE DEBITOS\2. RELAÇÃO DE DEBITOS\07-2026\sem_pendencias\2B IMPORTACAO, EXPORTACAO E SERVICOS LTDA",1,89-ECAC.pdf
SEM_PENDENCIA,sem_pendencias,ANTONIO MARCOS RIBEIRO 149DF-ME,,C:\Users\trind\Downloads\2. RELAÇÃO DE DEBITOS\2. RELAÇÃO DE DEBITOS\07-2026\sem_pendencias\ANTONIO MARCOS RIBEIRO 149DF-ME,1,211-AGENCIANET.pdf
SEM_PENDENCIA,sem_pendencias,ANW EMPREENDIMENTOS IMOBILIARIOS LTDA,,C:\Users\trind\Downloads\2. RELAÇÃO DE DEBITOS\2. RELAÇÃO DE DEBITOS\07-2026\sem_pendencias\ANW EMPREENDIMENTOS IMOBILIARIOS LTDA,2,"164-AGENCIANET.pdf, 164-ECAC.pdf"
SEM_PENDENCIA,sem_pendencias,AP ENGENHARIA E CONSULTORIA LTDA,,C:\Users\trind\Downloads\2. RELAÇÃO DE DEBITOS\2. RELAÇÃO DE DEBITOS\07-2026\sem_pendencias\AP ENGENHARIA E CONSULTORIA LTDA,2,"716-AGENCIANET.pdf, 716-ECAC.pdf"
SEM_PENDENCIA,sem_pendencias,AQB HOLDINGS & INVESTIMENTOS GESTORA DE PARTICIPACOES SOCIEDADE,,C:\Users\trind\Downloads\2. RELAÇÃO DE DEBITOS\2. RELAÇÃO DE DEBITOS\07-2026\sem_pendencias\AQB HOLDINGS & INVESTIMENTOS GESTORA DE PARTICIPACOES SOCIEDADE,1,22-ECAC.pdf
SEM_PENDENCIA,sem_pendencias,ART FORT COMERCIO E IMPORTACAO LTDA,,C:\Users\trind\Downloads\2. RELAÇÃO DE DEBITOS\2. RELAÇÃO DE DEBITOS\07-2026\sem_pendencias\ART FORT COMERCIO E IMPORTACAO LTDA,2,"132-ECAC.pdf, 134-ECAC.pdf"
SEM_PENDENCIA,sem_pendencias,BAIFER DISTRIBUIDORA DE FERRAMENTAS LTDA,,C:\Users\trind\Downloads\2. RELAÇÃO DE DEBITOS\2. RELAÇÃO DE DEBITOS\07-2026\sem_pendencias\BAIFER DISTRIBUIDORA DE FERRAMENTAS LTDA,2,"11-AGENCIANET.pdf, 11-ECAC.pdf"
SEM_PENDENCIA,sem_pendencias,BELEZA MARKET COSMETICOS LTDA,,C:\Users\trind\Downloads\2. RELAÇÃO DE DEBITOS\2. RELAÇÃO DE DEBITOS\07-2026\sem_pendencias\BELEZA MARKET COSMETICOS LTDA,1,91-AGENCIANET.pdf
SEM_PENDENCIA,sem_pendencias,BEM MAIS TECNOLOGIA E SEGURANCA LTDA,,C:\Users\trind\Downloads\2. RELAÇÃO DE DEBITOS\2. RELAÇÃO DE DEBITOS\07-2026\sem_pendencias\BEM MAIS TECNOLOGIA E SEGURANCA LTDA,1,168-ECAC.pdf
SEM_PENDENCIA,sem_pendencias,BR BRAZ IMPORTADORA E DISTRIBUIDORA LTDA,,C:\Users\trind\Downloads\2. RELAÇÃO DE DEBITOS\2. RELAÇÃO DE DEBITOS\07-2026\sem_pendencias\BR BRAZ IMPORTADORA E DISTRIBUIDORA LTDA,2,"38-AGENCIANET.pdf, 38-ECAC.pdf"
SEM_PENDENCIA,sem_pendencias,BR IMPORTACAO EXPORTACAO CONSULTORIA E ASSESSORIA LTDA,,C:\Users\trind\Downloads\2. RELAÇÃO DE DEBITOS\2. RELAÇÃO DE DEBITOS\07-2026\sem_pendencias\BR IMPORTACAO EXPORTACAO CONSULTORIA E ASSESSORIA LTDA,1,167-ECAC.pdf
SEM_PENDENCIA,sem_pendencias,BUFFET CHA DAS DUAS SERVICOS E LOCACAO PARA EVENTOS LTDA,,C:\Users\trind\Downloads\2. RELAÇÃO DE DEBITOS\2. RELAÇÃO DE DEBITOS\07-2026\sem_pendencias\BUFFET CHA DAS DUAS SERVICOS E LOCACAO PARA EVENTOS LTDA,2,"87-AGENCIANET.pdf, 87-ECAC.pdf"
SEM_PENDENCIA,sem_pendencias,CENTRO MEDICO ESPECIALIZADO TJJ LTDA,,C:\Users\trind\Downloads\2. RELAÇÃO DE DEBITOS\2. RELAÇÃO DE DEBITOS\07-2026\sem_pendencias\CENTRO MEDICO ESPECIALIZADO TJJ LTDA,2,"715-AGENCIANET.pdf, 715-ECAC.pdf"
SEM_PENDENCIA,sem_pendencias,CERGILIO & CASTRO AUTOCENTER LTDA,,C:\Users\trind\Downloads\2. RELAÇÃO DE DEBITOS\2. RELAÇÃO DE DEBITOS\07-2026\sem_pendencias\CERGILIO & CASTRO AUTOCENTER LTDA,2,"133-AGENCIANET.pdf, 133-ECAC.pdf"
SEM_PENDENCIA,sem_pendencias,CUSTOMS IMPORTACAO EXPORTACAO CONSULTORIA E ASSESSORIA LTDA,,C:\Users\trind\Downloads\2. RELAÇÃO DE DEBITOS\2. RELAÇÃO DE DEBITOS\07-2026\sem_pendencias\CUSTOMS IMPORTACAO EXPORTACAO CONSULTORIA E ASSESSORIA LTDA,1,97-ECAC.pdf
SEM_PENDENCIA,sem_pendencias,DAMASCENO PARTICIPACOES LTDA,,C:\Users\trind\Downloads\2. RELAÇÃO DE DEBITOS\2. RELAÇÃO DE DEBITOS\07-2026\sem_pendencias\DAMASCENO PARTICIPACOES LTDA,1,15-ECAC.pdf
SEM_PENDENCIA,sem_pendencias,DAUTO TINTAS PARACATU LTDA,,C:\Users\trind\Downloads\2. RELAÇÃO DE DEBITOS\2. RELAÇÃO DE DEBITOS\07-2026\sem_pendencias\DAUTO TINTAS PARACATU LTDA,1,205-ECAC.pdf
SEM_PENDENCIA,sem_pendencias,DAUTO TINTAS SERVICOS E PRODUTOS LTDA,,C:\Users\trind\Downloads\2. RELAÇÃO DE DEBITOS\2. RELAÇÃO DE DEBITOS\07-2026\sem_pendencias\DAUTO TINTAS SERVICOS E PRODUTOS LTDA,1,44-ECAC.pdf
SEM_PENDENCIA,sem_pendencias,DIAS & DIAS DISTRIBUICAO E REPRESENTACAO COMERCIAL LTDA,,C:\Users\trind\Downloads\2. RELAÇÃO DE DEBITOS\2. RELAÇÃO DE DEBITOS\07-2026\sem_pendencias\DIAS & DIAS DISTRIBUICAO E REPRESENTACAO COMERCIAL LTDA,1,28-ECAC.pdf
SEM_PENDENCIA,sem_pendencias,DIGITAL COMERCIO COSMETICOS BRASIL LTDA,,C:\Users\trind\Downloads\2. RELAÇÃO DE DEBITOS\2. RELAÇÃO DE DEBITOS\07-2026\sem_pendencias\DIGITAL COMERCIO COSMETICOS BRASIL LTDA,2,"74-AGENCIANET.pdf, 74-ECAC.pdf"
SEM_PENDENCIA,sem_pendencias,"DIVEMARCA INDUSTRIA, COMERCIO E DISTRIBUICAO LTDA",,"C:\Users\trind\Downloads\2. RELAÇÃO DE DEBITOS\2. RELAÇÃO DE DEBITOS\07-2026\sem_pendencias\DIVEMARCA INDUSTRIA, COMERCIO E DISTRIBUICAO LTDA",2,"136-AGENCIANET.pdf, 136-ECAC.pdf"
SEM_PENDENCIA,sem_pendencias,E-COMMERCE.ONLINE COSMETICOS LTDA,,C:\Users\trind\Downloads\2. RELAÇÃO DE DEBITOS\2. RELAÇÃO DE DEBITOS\07-2026\sem_pendencias\E-COMMERCE.ONLINE COSMETICOS LTDA,2,"31-AGENCIANET.pdf, 31-ECAC.pdf"
SEM_PENDENCIA,sem_pendencias,ETICA COMERCIO VAREJISTA DE TINTAS LTDA,,C:\Users\trind\Downloads\2. RELAÇÃO DE DEBITOS\2. RELAÇÃO DE DEBITOS\07-2026\sem_pendencias\ETICA COMERCIO VAREJISTA DE TINTAS LTDA,3,"56-AGENCIANET.pdf, 56-ECAC.pdf, 92-ECAC.pdf"
SEM_PENDENCIA,sem_pendencias,EVO COMERCIO DE PRODUTOS LTDA,,C:\Users\trind\Downloads\2. RELAÇÃO DE DEBITOS\2. RELAÇÃO DE DEBITOS\07-2026\sem_pendencias\EVO COMERCIO DE PRODUTOS LTDA,1,126-ECAC.pdf
SEM_PENDENCIA,sem_pendencias,FERNANDES COMERCIO E SERVICO DE MATERIAIS DE CONSTRUCAO LTDA,,C:\Users\trind\Downloads\2. RELAÇÃO DE DEBITOS\2. RELAÇÃO DE DEBITOS\07-2026\sem_pendencias\FERNANDES COMERCIO E SERVICO DE MATERIAIS DE CONSTRUCAO LTDA,2,"10-AGENCIANET.pdf, 10-ECAC.pdf"
SEM_PENDENCIA,sem_pendencias,GABRIELA FARIAS SOCIEDADE INDIVIDUAL DE ADVOCACIA,,C:\Users\trind\Downloads\2. RELAÇÃO DE DEBITOS\2. RELAÇÃO DE DEBITOS\07-2026\sem_pendencias\GABRIELA FARIAS SOCIEDADE INDIVIDUAL DE ADVOCACIA,2,"159-AGENCIANET.pdf, 159-ECAC.pdf"
SEM_PENDENCIA,sem_pendencias,GUARDIAN SUPERFICIES LTDA,,C:\Users\trind\Downloads\2. RELAÇÃO DE DEBITOS\2. RELAÇÃO DE DEBITOS\07-2026\sem_pendencias\GUARDIAN SUPERFICIES LTDA,1,135-ECAC.pdf
SEM_PENDENCIA,sem_pendencias,HF COMERCIO DE ALIMENTOS LTDA,,C:\Users\trind\Downloads\2. RELAÇÃO DE DEBITOS\2. RELAÇÃO DE DEBITOS\07-2026\sem_pendencias\HF COMERCIO DE ALIMENTOS LTDA,2,"142-AGENCIANET.pdf, 142-ECAC.pdf"
SEM_PENDENCIA,sem_pendencias,I SEE LTDA,,C:\Users\trind\Downloads\2. RELAÇÃO DE DEBITOS\2. RELAÇÃO DE DEBITOS\07-2026\sem_pendencias\I SEE LTDA,2,"226-ECAC.pdf, 95-ECAC.pdf"
SEM_PENDENCIA,sem_pendencias,J C DOS SANTOS RIBEIRO BARBEARIA LTDA,,C:\Users\trind\Downloads\2. RELAÇÃO DE DEBITOS\2. RELAÇÃO DE DEBITOS\07-2026\sem_pendencias\J C DOS SANTOS RIBEIRO BARBEARIA LTDA,1,106-ECAC.pdf
SEM_PENDENCIA,sem_pendencias,JOSE EVANGELISTA DE SOUSA LINO 14527081187,,C:\Users\trind\Downloads\2. RELAÇÃO DE DEBITOS\2. RELAÇÃO DE DEBITOS\07-2026\sem_pendencias\JOSE EVANGELISTA DE SOUSA LINO 14527081187,1,06-ECAC.pdf
SEM_PENDENCIA,sem_pendencias,KANNEL PORTAS AUTOMATICAS COMERCIO E SERVICOS LTDA,,C:\Users\trind\Downloads\2. RELAÇÃO DE DEBITOS\2. RELAÇÃO DE DEBITOS\07-2026\sem_pendencias\KANNEL PORTAS AUTOMATICAS COMERCIO E SERVICOS LTDA,1,166-ECAC.pdf
SEM_PENDENCIA,sem_pendencias,LH PORTAS AUTOMATICAS LTDA,,C:\Users\trind\Downloads\2. RELAÇÃO DE DEBITOS\2. RELAÇÃO DE DEBITOS\07-2026\sem_pendencias\LH PORTAS AUTOMATICAS LTDA,2,"40-AGENCIANET.pdf, 40-ECAC.pdf"
SEM_PENDENCIA,sem_pendencias,LJ FERRAMENTAS LTDA,,C:\Users\trind\Downloads\2. RELAÇÃO DE DEBITOS\2. RELAÇÃO DE DEBITOS\07-2026\sem_pendencias\LJ FERRAMENTAS LTDA,1,148-ECAC.pdf
SEM_PENDENCIA,sem_pendencias,LOJA DAS MAQUINAS E FERRAMENTAS LTDA,,C:\Users\trind\Downloads\2. RELAÇÃO DE DEBITOS\2. RELAÇÃO DE DEBITOS\07-2026\sem_pendencias\LOJA DAS MAQUINAS E FERRAMENTAS LTDA,2,"96-AGENCIANET.pdf, 96-ECAC.pdf"
SEM_PENDENCIA,sem_pendencias,LOJA VIRTUAL DE COSMETICOS LTDA,,C:\Users\trind\Downloads\2. RELAÇÃO DE DEBITOS\2. RELAÇÃO DE DEBITOS\07-2026\sem_pendencias\LOJA VIRTUAL DE COSMETICOS LTDA,2,"72-AGENCIANET.pdf, 72-ECAC.pdf"
SEM_PENDENCIA,sem_pendencias,LOJAO DAS FERRAMENTAS LTDA,,C:\Users\trind\Downloads\2. RELAÇÃO DE DEBITOS\2. RELAÇÃO DE DEBITOS\07-2026\sem_pendencias\LOJAO DAS FERRAMENTAS LTDA,2,"149-AGENCIANET.pdf, 149-ECAC.pdf"
SEM_PENDENCIA,sem_pendencias,MV COMERCIO E DISTRIBUICAO DE VIDROS E ACESSORIOS LTDA,,C:\Users\trind\Downloads\2. RELAÇÃO DE DEBITOS\2. RELAÇÃO DE DEBITOS\07-2026\sem_pendencias\MV COMERCIO E DISTRIBUICAO DE VIDROS E ACESSORIOS LTDA,1,217-ECAC.pdf
SEM_PENDENCIA,sem_pendencias,NEXXUS ASSESSORIA DIGITAL LTDA,,C:\Users\trind\Downloads\2. RELAÇÃO DE DEBITOS\2. RELAÇÃO DE DEBITOS\07-2026\sem_pendencias\NEXXUS ASSESSORIA DIGITAL LTDA,1,129-ECAC.pdf
SEM_PENDENCIA,sem_pendencias,ODONTOMOTA LTDA,,C:\Users\trind\Downloads\2. RELAÇÃO DE DEBITOS\2. RELAÇÃO DE DEBITOS\07-2026\sem_pendencias\ODONTOMOTA LTDA,2,"137-AGENCIANET.pdf, 137-ECAC.pdf"
SEM_PENDENCIA,sem_pendencias,RENAPRA ENGENHARIA E REFORMAS LTDA,,C:\Users\trind\Downloads\2. RELAÇÃO DE DEBITOS\2. RELAÇÃO DE DEBITOS\07-2026\sem_pendencias\RENAPRA ENGENHARIA E REFORMAS LTDA,2,"109-AGENCIANET.pdf, 109-ECAC.pdf"
SEM_PENDENCIA,sem_pendencias,ROTA 040 EMBALAGENS LTDA,,C:\Users\trind\Downloads\2. RELAÇÃO DE DEBITOS\2. RELAÇÃO DE DEBITOS\07-2026\sem_pendencias\ROTA 040 EMBALAGENS LTDA,1,103-ECAC.pdf
SEM_PENDENCIA,sem_pendencias,SERVICOS DE SAUDE TJL LTDA,,C:\Users\trind\Downloads\2. RELAÇÃO DE DEBITOS\2. RELAÇÃO DE DEBITOS\07-2026\sem_pendencias\SERVICOS DE SAUDE TJL LTDA,2,"207-AGENCIANET.pdf, 207-ECAC.pdf"
SEM_PENDENCIA,sem_pendencias,STEEL PORTAS DE ACO AUTOMATICAS DE ENROLAR LTDA,,C:\Users\trind\Downloads\2. RELAÇÃO DE DEBITOS\2. RELAÇÃO DE DEBITOS\07-2026\sem_pendencias\STEEL PORTAS DE ACO AUTOMATICAS DE ENROLAR LTDA,1,128-ECAC.pdf
SEM_PENDENCIA,sem_pendencias,STUDIO 35 COMERCIO DE CALCADOS E BOLSAS LTDA,,C:\Users\trind\Downloads\2. RELAÇÃO DE DEBITOS\2. RELAÇÃO DE DEBITOS\07-2026\sem_pendencias\STUDIO 35 COMERCIO DE CALCADOS E BOLSAS LTDA,2,"29-AGENCIANET.pdf, 29-ECAC.pdf"
SEM_PENDENCIA,sem_pendencias,SUPER ARMAZEM 2 GRS LTDA,,C:\Users\trind\Downloads\2. RELAÇÃO DE DEBITOS\2. RELAÇÃO DE DEBITOS\07-2026\sem_pendencias\SUPER ARMAZEM 2 GRS LTDA,2,"121-ECAC.pdf, 127-ECAC.pdf"
SEM_PENDENCIA,sem_pendencias,TAVARES SOBRADINHO COMERCIO DE MATERIAIS DE CONSTRUCAO LTDA,,C:\Users\trind\Downloads\2. RELAÇÃO DE DEBITOS\2. RELAÇÃO DE DEBITOS\07-2026\sem_pendencias\TAVARES SOBRADINHO COMERCIO DE MATERIAIS DE CONSTRUCAO LTDA,2,"73-AGENCIANET.pdf, 73-ECAC.pdf"
SEM_PENDENCIA,sem_pendencias,TBQ HOLDINGS & INVESTIMENTOS GESTORA DE PARTICIPACOES SOCIEDADE LIMITADA,,C:\Users\trind\Downloads\2. RELAÇÃO DE DEBITOS\2. RELAÇÃO DE DEBITOS\07-2026\sem_pendencias\TBQ HOLDINGS & INVESTIMENTOS GESTORA DE PARTICIPACOES SOCIEDADE LIMITADA,1,32-ECAC.pdf
SEM_PENDENCIA,sem_pendencias,THALES FACCIN PRESTACAO DE SERVICOS EM TREINAMENTOS E CONSULTORIA NUTRICIONAL LTDA,,C:\Users\trind\Downloads\2. RELAÇÃO DE DEBITOS\2. RELAÇÃO DE DEBITOS\07-2026\sem_pendencias\THALES FACCIN PRESTACAO DE SERVICOS EM TREINAMENTOS E CONSULTORIA NUTRICIONAL LTDA,2,"219-AGENCIANET.pdf, 219-ECAC.pdf"
SEM_PENDENCIA,sem_pendencias,TQB HOLDINGS & INVESTIMENTOS GESTORA DE PARTICIPACOES SOCIEDADE LIMITADA,,C:\Users\trind\Downloads\2. RELAÇÃO DE DEBITOS\2. RELAÇÃO DE DEBITOS\07-2026\sem_pendencias\TQB HOLDINGS & INVESTIMENTOS GESTORA DE PARTICIPACOES SOCIEDADE LIMITADA,1,33-ECAC.pdf
SEM_PENDENCIA,sem_pendencias,UTIL PLANEJAMENTOS ADMINISTRATIVOS LTDA,,C:\Users\trind\Downloads\2. RELAÇÃO DE DEBITOS\2. RELAÇÃO DE DEBITOS\07-2026\sem_pendencias\UTIL PLANEJAMENTOS ADMINISTRATIVOS LTDA,2,"16-AGENCIANET.pdf, 16-ECAC.pdf"
SEM_PENDENCIA,sem_pendencias,V&T COMERCIO VAREJISTA DE TINTAS LTDA,,C:\Users\trind\Downloads\2. RELAÇÃO DE DEBITOS\2. RELAÇÃO DE DEBITOS\07-2026\sem_pendencias\V&T COMERCIO VAREJISTA DE TINTAS LTDA,2,"150-ECAC.pdf, 45-ECAC.pdf"
