classe,codigos,cnpj,empresa,pasta,qtd_codigos,qtd_arquivos
COM_PENDENCIA,81;82;90;98;711;712;713,21.051.983,JPG - PRODUTOS FUNCIONAIS E NUTRICIONAIS LTDA,C:\Users\trind\Downloads\2. RELAÇÃO DE DEBITOS\2. RELAÇÃO DE DEBITOS\07-2026\COM_PENDENCIA\21051983-JPG_-_PRODUTOS_FUNCIONAIS_E_NUTRICIONAIS_LTDA,7,8
COM_PENDENCIA,14;75;79;104,40.994.045,DT TINTAS COMERCIO VAREJISTA LIMITADA,C:\Users\trind\Downloads\2. RELAÇÃO DE DEBITOS\2. RELAÇÃO DE DEBITOS\07-2026\COM_PENDENCIA\40994045-DT_TINTAS_COMERCIO_VAREJISTA_LIMITADA,4,7
COM_PENDENCIA,03;04;25,26.148.733,I. M. DAMASCENO MEDICA,C:\Users\trind\Downloads\2. RELAÇÃO DE DEBITOS\2. RELAÇÃO DE DEBITOS\07-2026\COM_PENDENCIA\26148733-I._M._DAMASCENO_MEDICA,3,5
COM_PENDENCIA,12;184;190,28.367.143,MERCADO RPG MINIATURAS E ACESSORIOS LTDA,C:\Users\trind\Downloads\2. RELAÇÃO DE DEBITOS\2. RELAÇÃO DE DEBITOS\07-2026\COM_PENDENCIA\28367143-MERCADO_RPG_MINIATURAS_E_ACESSORIOS_LTDA,3,4
COM_PENDENCIA,67;68;69,72.628.407,MERCADO DAS TINTAS LTDA,C:\Users\trind\Downloads\2. RELAÇÃO DE DEBITOS\2. RELAÇÃO DE DEBITOS\07-2026\COM_PENDENCIA\72628407-MERCADO_DAS_TINTAS_LTDA,3,5
SEM_PENDENCIA,121;127,02.544.225,SUPER ARMAZEM 2 GRS LTDA,C:\Users\trind\Downloads\2. RELAÇÃO DE DEBITOS\2. RELAÇÃO DE DEBITOS\07-2026\SEM_PENDENCIA\02544225-SUPER_ARMAZEM_2_GRS_LTDA,2,2
COM_PENDENCIA,37;61,03.185.564,EGAPLAST - ARTEFATOS E COMERCIO DE PLASTICOS LTDA,C:\Users\trind\Downloads\2. RELAÇÃO DE DEBITOS\2. RELAÇÃO DE DEBITOS\07-2026\COM_PENDENCIA\03185564-EGAPLAST_-_ARTEFATOS_E_COMERCIO_DE_PLASTICOS_LTDA,2,3
SEM_PENDENCIA,56;92,04.744.446,ETICA COMERCIO VAREJISTA DE TINTAS LTDA,C:\Users\trind\Downloads\2. RELAÇÃO DE DEBITOS\2. RELAÇÃO DE DEBITOS\07-2026\SEM_PENDENCIA\04744446-ETICA_COMERCIO_VAREJISTA_DE_TINTAS_LTDA,2,3
SEM_PENDENCIA,95;226,21.665.917,I SEE LTDA,C:\Users\trind\Downloads\2. RELAÇÃO DE DEBITOS\2. RELAÇÃO DE DEBITOS\07-2026\SEM_PENDENCIA\21665917-I_SEE_LTDA,2,2
COM_PENDENCIA,122;125,32.325.252,SUPER ARMAZEM GRS LTDA,C:\Users\trind\Downloads\2. RELAÇÃO DE DEBITOS\2. RELAÇÃO DE DEBITOS\07-2026\COM_PENDENCIA\32325252-SUPER_ARMAZEM_GRS_LTDA,2,2
SEM_PENDENCIA,45;150,36.113.768,V&T COMERCIO VAREJISTA DE TINTAS LTDA,C:\Users\trind\Downloads\2. RELAÇÃO DE DEBITOS\2. RELAÇÃO DE DEBITOS\07-2026\SEM_PENDENCIA\36113768-V&T_COMERCIO_VAREJISTA_DE_TINTAS_LTDA,2,2
COM_PENDENCIA,13;88,42.127.003,COELHO E MENDES COMERCIO VAREJISTA DE DOCES LTDA,C:\Users\trind\Downloads\2. RELAÇÃO DE DEBITOS\2. RELAÇÃO DE DEBITOS\07-2026\COM_PENDENCIA\42127003-COELHO_E_MENDES_COMERCIO_VAREJISTA_DE_DOCES_LTDA,2,4
SEM_PENDENCIA,132;134,59.983.818,ART FORT COMERCIO E IMPORTACAO LTDA,C:\Users\trind\Downloads\2. RELAÇÃO DE DEBITOS\2. RELAÇÃO DE DEBITOS\07-2026\SEM_PENDENCIA\59983818-ART_FORT_COMERCIO_E_IMPORTACAO_LTDA,2,2
COM_PENDENCIA,71,00.472.761,DALMAR EMPREENDIMENTOS IMOBILIARIOS LTDA,C:\Users\trind\Downloads\2. RELAÇÃO DE DEBITOS\2. RELAÇÃO DE DEBITOS\07-2026\COM_PENDENCIA\00472761-DALMAR_EMPREENDIMENTOS_IMOBILIARIOS_LTDA,1,1
COM_PENDENCIA,80,00.598.375,COMERCIAL AVICOLA PROGRESSO LTDA,C:\Users\trind\Downloads\2. RELAÇÃO DE DEBITOS\2. RELAÇÃO DE DEBITOS\07-2026\COM_PENDENCIA\00598375-COMERCIAL_AVICOLA_PROGRESSO_LTDA,1,2
COM_PENDENCIA,30,01.328.181,ASSOCIACAO SULAMERICANA DOS PRODUTORES DE GELATINA,C:\Users\trind\Downloads\2. RELAÇÃO DE DEBITOS\2. RELAÇÃO DE DEBITOS\07-2026\COM_PENDENCIA\01328181-ASSOCIACAO_SULAMERICANA_DOS_PRODUTORES_DE_GELATINA,1,2
COM_PENDENCIA,52,01969415000130,,C:\Users\trind\Downloads\2. RELAÇÃO DE DEBITOS\2. RELAÇÃO DE DEBITOS\07-2026\COM_PENDENCIA\01969415-SEM_NOME,1,1
COM_PENDENCIA,86,09.437.719,AF DA SILVA REPRESENTACAO,C:\Users\trind\Downloads\2. RELAÇÃO DE DEBITOS\2. RELAÇÃO DE DEBITOS\07-2026\COM_PENDENCIA\09437719-AF_DA_SILVA_REPRESENTACAO,1,2
COM_PENDENCIA,20,09.452.078,SO TEMPERO AGROINDUSTRIA LTDA,C:\Users\trind\Downloads\2. RELAÇÃO DE DEBITOS\2. RELAÇÃO DE DEBITOS\07-2026\COM_PENDENCIA\09452078-SO_TEMPERO_AGROINDUSTRIA_LTDA,1,1
SEM_PENDENCIA,96,13.983.066,LOJA DAS MAQUINAS E FERRAMENTAS LTDA,C:\Users\trind\Downloads\2. RELAÇÃO DE DEBITOS\2. RELAÇÃO DE DEBITOS\07-2026\SEM_PENDENCIA\13983066-LOJA_DAS_MAQUINAS_E_FERRAMENTAS_LTDA,1,2
SEM_PENDENCIA,133,19.431.511,CERGILIO & CASTRO AUTOCENTER LTDA,C:\Users\trind\Downloads\2. RELAÇÃO DE DEBITOS\2. RELAÇÃO DE DEBITOS\07-2026\SEM_PENDENCIA\19431511-CERGILIO_&_CASTRO_AUTOCENTER_LTDA,1,2
SEM_PENDENCIA,97,20.104.331,CUSTOMS IMPORTACAO EXPORTACAO CONSULTORIA E ASSESSORIA LTDA,C:\Users\trind\Downloads\2. RELAÇÃO DE DEBITOS\2. RELAÇÃO DE DEBITOS\07-2026\SEM_PENDENCIA\20104331-CUSTOMS_IMPORTACAO_EXPORTACAO_CONSULTORIA_E_ASSESSORIA_LTDA,1,1
SEM_PENDENCIA,109,23.391.450,RENAPRA ENGENHARIA E REFORMAS LTDA,C:\Users\trind\Downloads\2. RELAÇÃO DE DEBITOS\2. RELAÇÃO DE DEBITOS\07-2026\SEM_PENDENCIA\23391450-RENAPRA_ENGENHARIA_E_REFORMAS_LTDA,1,2
SEM_PENDENCIA,38,26.300.569,BR BRAZ IMPORTADORA E DISTRIBUIDORA LTDA,C:\Users\trind\Downloads\2. RELAÇÃO DE DEBITOS\2. RELAÇÃO DE DEBITOS\07-2026\SEM_PENDENCIA\26300569-BR_BRAZ_IMPORTADORA_E_DISTRIBUIDORA_LTDA,1,2
SEM_PENDENCIA,211,27261063000158,,C:\Users\trind\Downloads\2. RELAÇÃO DE DEBITOS\2. RELAÇÃO DE DEBITOS\07-2026\SEM_PENDENCIA\27261063-SEM_NOME,1,1
SEM_PENDENCIA,149,28.204.374,LOJAO DAS FERRAMENTAS LTDA,C:\Users\trind\Downloads\2. RELAÇÃO DE DEBITOS\2. RELAÇÃO DE DEBITOS\07-2026\SEM_PENDENCIA\28204374-LOJAO_DAS_FERRAMENTAS_LTDA,1,2
COM_PENDENCIA,105,29.735.943,IARA LIANDRO DO NASCIMENTO COUTINHO,C:\Users\trind\Downloads\2. RELAÇÃO DE DEBITOS\2. RELAÇÃO DE DEBITOS\07-2026\COM_PENDENCIA\29735943-IARA_LIANDRO_DO_NASCIMENTO_COUTINHO,1,2
COM_PENDENCIA,08,29.859.815,EXITO CONTABILIDADE LTDA,C:\Users\trind\Downloads\2. RELAÇÃO DE DEBITOS\2. RELAÇÃO DE DEBITOS\07-2026\COM_PENDENCIA\29859815-EXITO_CONTABILIDADE_LTDA,1,2
COM_PENDENCIA,27,31.605.928,BELEZA MARKET SERVICO ESTETICA LTDA,C:\Users\trind\Downloads\2. RELAÇÃO DE DEBITOS\2. RELAÇÃO DE DEBITOS\07-2026\COM_PENDENCIA\31605928-BELEZA_MARKET_SERVICO_ESTETICA_LTDA,1,2
SEM_PENDENCIA,16,31.721.999,UTIL PLANEJAMENTOS ADMINISTRATIVOS LTDA,C:\Users\trind\Downloads\2. RELAÇÃO DE DEBITOS\2. RELAÇÃO DE DEBITOS\07-2026\SEM_PENDENCIA\31721999-UTIL_PLANEJAMENTOS_ADMINISTRATIVOS_LTDA,1,2
SEM_PENDENCIA,44,32.911.621,DAUTO TINTAS SERVICOS E PRODUTOS LTDA,C:\Users\trind\Downloads\2. RELAÇÃO DE DEBITOS\2. RELAÇÃO DE DEBITOS\07-2026\SEM_PENDENCIA\32911621-DAUTO_TINTAS_SERVICOS_E_PRODUTOS_LTDA,1,1
SEM_PENDENCIA,205,33.304.308,DAUTO TINTAS PARACATU LTDA,C:\Users\trind\Downloads\2. RELAÇÃO DE DEBITOS\2. RELAÇÃO DE DEBITOS\07-2026\SEM_PENDENCIA\33304308-DAUTO_TINTAS_PARACATU_LTDA,1,1
COM_PENDENCIA,39,34.599.448,BRUNNA LETTIERI ATELIER LTDA,C:\Users\trind\Downloads\2. RELAÇÃO DE DEBITOS\2. RELAÇÃO DE DEBITOS\07-2026\COM_PENDENCIA\34599448-BRUNNA_LETTIERI_ATELIER_LTDA,1,2
SEM_PENDENCIA,87,34.867.799,BUFFET CHA DAS DUAS SERVICOS E LOCACAO PARA EVENTOS LTDA,C:\Users\trind\Downloads\2. RELAÇÃO DE DEBITOS\2. RELAÇÃO DE DEBITOS\07-2026\SEM_PENDENCIA\34867799-BUFFET_CHA_DAS_DUAS_SERVICOS_E_LOCACAO_PARA_EVENTOS_LTDA,1,2
SEM_PENDENCIA,31,35.273.346,E-COMMERCE.ONLINE COSMETICOS LTDA,C:\Users\trind\Downloads\2. RELAÇÃO DE DEBITOS\2. RELAÇÃO DE DEBITOS\07-2026\SEM_PENDENCIA\35273346-E-COMMERCE.ONLINE_COSMETICOS_LTDA,1,2
SEM_PENDENCIA,29,36.170.563,STUDIO 35 COMERCIO DE CALCADOS E BOLSAS LTDA,C:\Users\trind\Downloads\2. RELAÇÃO DE DEBITOS\2. RELAÇÃO DE DEBITOS\07-2026\SEM_PENDENCIA\36170563-STUDIO_35_COMERCIO_DE_CALCADOS_E_BOLSAS_LTDA,1,2
COM_PENDENCIA,46,36.517.206,UNICA ATACADISTA DE TINTAS E COMPLEMENTOS LTDA,C:\Users\trind\Downloads\2. RELAÇÃO DE DEBITOS\2. RELAÇÃO DE DEBITOS\07-2026\COM_PENDENCIA\36517206-UNICA_ATACADISTA_DE_TINTAS_E_COMPLEMENTOS_LTDA,1,2
SEM_PENDENCIA,126,36.781.644,EVO COMERCIO DE PRODUTOS LTDA,C:\Users\trind\Downloads\2. RELAÇÃO DE DEBITOS\2. RELAÇÃO DE DEBITOS\07-2026\SEM_PENDENCIA\36781644-EVO_COMERCIO_DE_PRODUTOS_LTDA,1,1
COM_PENDENCIA,41,37.020.142,INCORPORACAO DE EMPREENDIMENTOS IMOBILIARIOS SEIXAS LTDA,C:\Users\trind\Downloads\2. RELAÇÃO DE DEBITOS\2. RELAÇÃO DE DEBITOS\07-2026\COM_PENDENCIA\37020142-INCORPORACAO_DE_EMPREENDIMENTOS_IMOBILIARIOS_SEIXAS_LTDA,1,2
COM_PENDENCIA,48,37.116.516,MESOCLINIC ESTETICA AVANCADA DE COSMETICOS LTDA,C:\Users\trind\Downloads\2. RELAÇÃO DE DEBITOS\2. RELAÇÃO DE DEBITOS\07-2026\COM_PENDENCIA\37116516-MESOCLINIC_ESTETICA_AVANCADA_DE_COSMETICOS_LTDA,1,2
COM_PENDENCIA,59,39.276.073,AUTOBRAS COMERCIO DE IMPORTACAO E EXPORTACAO DE PRODUTOS LTDA,C:\Users\trind\Downloads\2. RELAÇÃO DE DEBITOS\2. RELAÇÃO DE DEBITOS\07-2026\COM_PENDENCIA\39276073-AUTOBRAS_COMERCIO_DE_IMPORTACAO_E_EXPORTACAO_DE_PRODUTOS_LTDA,1,2
COM_PENDENCIA,76,40.445.937,JD SERVICOS E TRANSPORTE LTDA,C:\Users\trind\Downloads\2. RELAÇÃO DE DEBITOS\2. RELAÇÃO DE DEBITOS\07-2026\COM_PENDENCIA\40445937-JD_SERVICOS_E_TRANSPORTE_LTDA,1,2
SEM_PENDENCIA,103,40.498.051,ROTA 040 EMBALAGENS LTDA,C:\Users\trind\Downloads\2. RELAÇÃO DE DEBITOS\2. RELAÇÃO DE DEBITOS\07-2026\SEM_PENDENCIA\40498051-ROTA_040_EMBALAGENS_LTDA,1,1
SEM_PENDENCIA,73,40.601.329,TAVARES SOBRADINHO COMERCIO DE MATERIAIS DE CONSTRUCAO LTDA,C:\Users\trind\Downloads\2. RELAÇÃO DE DEBITOS\2. RELAÇÃO DE DEBITOS\07-2026\SEM_PENDENCIA\40601329-TAVARES_SOBRADINHO_COMERCIO_DE_MATERIAIS_DE_CONSTRUCAO_LTDA,1,2
SEM_PENDENCIA,148,41.420.735,LJ FERRAMENTAS LTDA,C:\Users\trind\Downloads\2. RELAÇÃO DE DEBITOS\2. RELAÇÃO DE DEBITOS\07-2026\SEM_PENDENCIA\41420735-LJ_FERRAMENTAS_LTDA,1,1
SEM_PENDENCIA,89,41.826.093,"2B IMPORTACAO, EXPORTACAO E SERVICOS LTDA","C:\Users\trind\Downloads\2. RELAÇÃO DE DEBITOS\2. RELAÇÃO DE DEBITOS\07-2026\SEM_PENDENCIA\41826093-2B_IMPORTACAO,_EXPORTACAO_E_SERVICOS_LTDA",1,1
SEM_PENDENCIA,136,42.288.133,"DIVEMARCA INDUSTRIA, COMERCIO E DISTRIBUICAO LTDA","C:\Users\trind\Downloads\2. RELAÇÃO DE DEBITOS\2. RELAÇÃO DE DEBITOS\07-2026\SEM_PENDENCIA\42288133-DIVEMARCA_INDUSTRIA,_COMERCIO_E_DISTRIBUICAO_LTDA",1,2
SEM_PENDENCIA,135,42.534.414,GUARDIAN SUPERFICIES LTDA,C:\Users\trind\Downloads\2. RELAÇÃO DE DEBITOS\2. RELAÇÃO DE DEBITOS\07-2026\SEM_PENDENCIA\42534414-GUARDIAN_SUPERFICIES_LTDA,1,1
SEM_PENDENCIA,91,42566500000135,,C:\Users\trind\Downloads\2. RELAÇÃO DE DEBITOS\2. RELAÇÃO DE DEBITOS\07-2026\SEM_PENDENCIA\42566500-SEM_NOME,1,1
SEM_PENDENCIA,159,43.632.039,GABRIELA FARIAS SOCIEDADE INDIVIDUAL DE ADVOCACIA,C:\Users\trind\Downloads\2. RELAÇÃO DE DEBITOS\2. RELAÇÃO DE DEBITOS\07-2026\SEM_PENDENCIA\43632039-GABRIELA_FARIAS_SOCIEDADE_INDIVIDUAL_DE_ADVOCACIA,1,2
SEM_PENDENCIA,128,44.229.463,STEEL PORTAS DE ACO AUTOMATICAS DE ENROLAR LTDA,C:\Users\trind\Downloads\2. RELAÇÃO DE DEBITOS\2. RELAÇÃO DE DEBITOS\07-2026\SEM_PENDENCIA\44229463-STEEL_PORTAS_DE_ACO_AUTOMATICAS_DE_ENROLAR_LTDA,1,1
SEM_PENDENCIA,40,44.601.860,LH PORTAS AUTOMATICAS LTDA,C:\Users\trind\Downloads\2. RELAÇÃO DE DEBITOS\2. RELAÇÃO DE DEBITOS\07-2026\SEM_PENDENCIA\44601860-LH_PORTAS_AUTOMATICAS_LTDA,1,2
COM_PENDENCIA,94,45.187.205,GUARDANAPOS DU LANCHE LTDA,C:\Users\trind\Downloads\2. RELAÇÃO DE DEBITOS\2. RELAÇÃO DE DEBITOS\07-2026\COM_PENDENCIA\45187205-GUARDANAPOS_DU_LANCHE_LTDA,1,2
COM_PENDENCIA,160,45.386.948,B&F COMERCIO E SERVICO DE MATERIAIS DE CONSTRUCAO LTDA,C:\Users\trind\Downloads\2. RELAÇÃO DE DEBITOS\2. RELAÇÃO DE DEBITOS\07-2026\COM_PENDENCIA\45386948-B&F_COMERCIO_E_SERVICO_DE_MATERIAIS_DE_CONSTRUCAO_LTDA,1,2
COM_PENDENCIA,163,45.618.559/0001-18,ANW PARTICIPACOES SOCIETARIAS LTDA,C:\Users\trind\Downloads\2. RELAÇÃO DE DEBITOS\2. RELAÇÃO DE DEBITOS\07-2026\COM_PENDENCIA\45618559-ANW_PARTICIPACOES_SOCIETARIAS_LTDA,1,2
SEM_PENDENCIA,164,45.703.682,ANW EMPREENDIMENTOS IMOBILIARIOS LTDA,C:\Users\trind\Downloads\2. RELAÇÃO DE DEBITOS\2. RELAÇÃO DE DEBITOS\07-2026\SEM_PENDENCIA\45703682-ANW_EMPREENDIMENTOS_IMOBILIARIOS_LTDA,1,2
SEM_PENDENCIA,166,46.261.153,KANNEL PORTAS AUTOMATICAS COMERCIO E SERVICOS LTDA,C:\Users\trind\Downloads\2. RELAÇÃO DE DEBITOS\2. RELAÇÃO DE DEBITOS\07-2026\SEM_PENDENCIA\46261153-KANNEL_PORTAS_AUTOMATICAS_COMERCIO_E_SERVICOS_LTDA,1,1
SEM_PENDENCIA,167,46.388.683,BR IMPORTACAO EXPORTACAO CONSULTORIA E ASSESSORIA LTDA,C:\Users\trind\Downloads\2. RELAÇÃO DE DEBITOS\2. RELAÇÃO DE DEBITOS\07-2026\SEM_PENDENCIA\46388683-BR_IMPORTACAO_EXPORTACAO_CONSULTORIA_E_ASSESSORIA_LTDA,1,1
SEM_PENDENCIA,168,46.605.471/0001-24,BEM MAIS TECNOLOGIA E SEGURANCA LTDA,C:\Users\trind\Downloads\2. RELAÇÃO DE DEBITOS\2. RELAÇÃO DE DEBITOS\07-2026\SEM_PENDENCIA\46605471-BEM_MAIS_TECNOLOGIA_E_SEGURANCA_LTDA,1,1
SEM_PENDENCIA,06,46.916.506,JOSE EVANGELISTA DE SOUSA LINO 14527081187,C:\Users\trind\Downloads\2. RELAÇÃO DE DEBITOS\2. RELAÇÃO DE DEBITOS\07-2026\SEM_PENDENCIA\46916506-JOSE_EVANGELISTA_DE_SOUSA_LINO_14527081187,1,1
COM_PENDENCIA,35,46.921.180,GALLUS FRANGO AMERICANO E HAMBURGUERIA LTDA,C:\Users\trind\Downloads\2. RELAÇÃO DE DEBITOS\2. RELAÇÃO DE DEBITOS\07-2026\COM_PENDENCIA\46921180-GALLUS_FRANGO_AMERICANO_E_HAMBURGUERIA_LTDA,1,2
COM_PENDENCIA,183,47.379.319,SERVICOS MEDICOS TJ LTDA,C:\Users\trind\Downloads\2. RELAÇÃO DE DEBITOS\2. RELAÇÃO DE DEBITOS\07-2026\COM_PENDENCIA\47379319-SERVICOS_MEDICOS_TJ_LTDA,1,2
SEM_PENDENCIA,207,49.140.409,SERVICOS DE SAUDE TJL LTDA,C:\Users\trind\Downloads\2. RELAÇÃO DE DEBITOS\2. RELAÇÃO DE DEBITOS\07-2026\SEM_PENDENCIA\49140409-SERVICOS_DE_SAUDE_TJL_LTDA,1,2
SEM_PENDENCIA,10,50.518.295,FERNANDES COMERCIO E SERVICO DE MATERIAIS DE CONSTRUCAO LTDA,C:\Users\trind\Downloads\2. RELAÇÃO DE DEBITOS\2. RELAÇÃO DE DEBITOS\07-2026\SEM_PENDENCIA\50518295-FERNANDES_COMERCIO_E_SERVICO_DE_MATERIAIS_DE_CONSTRUCAO_LTDA,1,2
SEM_PENDENCIA,217,51.015.557,MV COMERCIO E DISTRIBUICAO DE VIDROS E ACESSORIOS LTDA,C:\Users\trind\Downloads\2. RELAÇÃO DE DEBITOS\2. RELAÇÃO DE DEBITOS\07-2026\SEM_PENDENCIA\51015557-MV_COMERCIO_E_DISTRIBUICAO_DE_VIDROS_E_ACESSORIOS_LTDA,1,1
SEM_PENDENCIA,11,52.005.382,BAIFER DISTRIBUIDORA DE FERRAMENTAS LTDA,C:\Users\trind\Downloads\2. RELAÇÃO DE DEBITOS\2. RELAÇÃO DE DEBITOS\07-2026\SEM_PENDENCIA\52005382-BAIFER_DISTRIBUIDORA_DE_FERRAMENTAS_LTDA,1,2
SEM_PENDENCIA,219,52.753.628,THALES FACCIN PRESTACAO DE SERVICOS EM TREINAMENTOS E CONSULTORIA NUTRICIONAL LTDA,C:\Users\trind\Downloads\2. RELAÇÃO DE DEBITOS\2. RELAÇÃO DE DEBITOS\07-2026\SEM_PENDENCIA\52753628-THALES_FACCIN_PRESTACAO_DE_SERVICOS_EM_TREINAMENTOS_E_CONSULTORIA_NUTRICIONAL_LT,1,2
SEM_PENDENCIA,142,53.071.433,HF COMERCIO DE ALIMENTOS LTDA,C:\Users\trind\Downloads\2. RELAÇÃO DE DEBITOS\2. RELAÇÃO DE DEBITOS\07-2026\SEM_PENDENCIA\53071433-HF_COMERCIO_DE_ALIMENTOS_LTDA,1,2
SEM_PENDENCIA,15,53.623.071,DAMASCENO PARTICIPACOES LTDA,C:\Users\trind\Downloads\2. RELAÇÃO DE DEBITOS\2. RELAÇÃO DE DEBITOS\07-2026\SEM_PENDENCIA\53623071-DAMASCENO_PARTICIPACOES_LTDA,1,1
COM_PENDENCIA,21,53.870.461,THE MINAS GASTRO BAR LTDA,C:\Users\trind\Downloads\2. RELAÇÃO DE DEBITOS\2. RELAÇÃO DE DEBITOS\07-2026\COM_PENDENCIA\53870461-THE_MINAS_GASTRO_BAR_LTDA,1,2
SEM_PENDENCIA,716,54.802.821,AP ENGENHARIA E CONSULTORIA LTDA,C:\Users\trind\Downloads\2. RELAÇÃO DE DEBITOS\2. RELAÇÃO DE DEBITOS\07-2026\SEM_PENDENCIA\54802821-AP_ENGENHARIA_E_CONSULTORIA_LTDA,1,2
SEM_PENDENCIA,715,55.061.632,CENTRO MEDICO ESPECIALIZADO TJJ LTDA,C:\Users\trind\Downloads\2. RELAÇÃO DE DEBITOS\2. RELAÇÃO DE DEBITOS\07-2026\SEM_PENDENCIA\55061632-CENTRO_MEDICO_ESPECIALIZADO_TJJ_LTDA,1,2
SEM_PENDENCIA,28,57.548.693,DIAS & DIAS DISTRIBUICAO E REPRESENTACAO COMERCIAL LTDA,C:\Users\trind\Downloads\2. RELAÇÃO DE DEBITOS\2. RELAÇÃO DE DEBITOS\07-2026\SEM_PENDENCIA\57548693-DIAS_&_DIAS_DISTRIBUICAO_E_REPRESENTACAO_COMERCIAL_LTDA,1,1
SEM_PENDENCIA,33,57.674.382,TQB HOLDINGS & INVESTIMENTOS GESTORA DE PARTICIPACOES SOCIEDADE LIMITADA,C:\Users\trind\Downloads\2. RELAÇÃO DE DEBITOS\2. RELAÇÃO DE DEBITOS\07-2026\SEM_PENDENCIA\57674382-TQB_HOLDINGS_&_INVESTIMENTOS_GESTORA_DE_PARTICIPACOES_SOCIEDADE_LIMITADA,1,1
SEM_PENDENCIA,22,57.674.391/0001-47,AQB HOLDINGS & INVESTIMENTOS GESTORA DE PARTICIPACOES SOCIEDADE,C:\Users\trind\Downloads\2. RELAÇÃO DE DEBITOS\2. RELAÇÃO DE DEBITOS\07-2026\SEM_PENDENCIA\57674391-AQB_HOLDINGS_&_INVESTIMENTOS_GESTORA_DE_PARTICIPACOES_SOCIEDADE,1,1
SEM_PENDENCIA,32,57.674.396,TBQ HOLDINGS & INVESTIMENTOS GESTORA DE PARTICIPACOES SOCIEDADE LIMITADA,C:\Users\trind\Downloads\2. RELAÇÃO DE DEBITOS\2. RELAÇÃO DE DEBITOS\07-2026\SEM_PENDENCIA\57674396-TBQ_HOLDINGS_&_INVESTIMENTOS_GESTORA_DE_PARTICIPACOES_SOCIEDADE_LIMITADA,1,1
SEM_PENDENCIA,137,58.726.106,ODONTOMOTA LTDA,C:\Users\trind\Downloads\2. RELAÇÃO DE DEBITOS\2. RELAÇÃO DE DEBITOS\07-2026\SEM_PENDENCIA\58726106-ODONTOMOTA_LTDA,1,2
SEM_PENDENCIA,72,59.054.128,LOJA VIRTUAL DE COSMETICOS LTDA,C:\Users\trind\Downloads\2. RELAÇÃO DE DEBITOS\2. RELAÇÃO DE DEBITOS\07-2026\SEM_PENDENCIA\59054128-LOJA_VIRTUAL_DE_COSMETICOS_LTDA,1,2
SEM_PENDENCIA,74,59.163.256,DIGITAL COMERCIO COSMETICOS BRASIL LTDA,C:\Users\trind\Downloads\2. RELAÇÃO DE DEBITOS\2. RELAÇÃO DE DEBITOS\07-2026\SEM_PENDENCIA\59163256-DIGITAL_COMERCIO_COSMETICOS_BRASIL_LTDA,1,2
SEM_PENDENCIA,106,60.915.516,J C DOS SANTOS RIBEIRO BARBEARIA LTDA,C:\Users\trind\Downloads\2. RELAÇÃO DE DEBITOS\2. RELAÇÃO DE DEBITOS\07-2026\SEM_PENDENCIA\60915516-J_C_DOS_SANTOS_RIBEIRO_BARBEARIA_LTDA,1,1
SEM_PENDENCIA,129,65.101.132,NEXXUS ASSESSORIA DIGITAL LTDA,C:\Users\trind\Downloads\2. RELAÇÃO DE DEBITOS\2. RELAÇÃO DE DEBITOS\07-2026\SEM_PENDENCIA\65101132-NEXXUS_ASSESSORIA_DIGITAL_LTDA,1,1
